name,compound,thickness,density,ad,mu_E,sig_E
Be Breakup,Be,6.0,1.802,1081.2,14.327769823529412,12.073960331745825
